IPN,MPN,Manufacturer,Description,Symbol,Footprint,Capacitance,Voltage,Material,Tolerance,Datasheet,Status
CAP-0000-0102,CC0603KRX7R9BB102,Yageo,1nF 50V 0603 X7R,Device:C,Capacitor_SMD:C_0603_1608Metric,1nF,50V,X7R,10%,https://yageogroup.com/content/datasheet/asset/file/UPY-GPHC_X7R_6_3V-TO-250V,
CAP-0000-0103,CC0603KRX7R9BB103,Yageo,10nF 50V 0603 X7R,Device:C,Capacitor_SMD:C_0603_1608Metric,10nF,50V,X7R,10%,https://yageogroup.com/content/datasheet/asset/file/UPY-GPHC_X7R_6_3V-TO-250V,
CAP-0000-0104,GCM188R71H104KA57D,Murata,100nF 50V 0603 X7R,Device:C,Capacitor_SMD:C_0603_1608Metric,100nF,50V,X7R,10%,https://search.murata.co.jp/Ceramy/image/img/A01X/G101/ENG/GCM188R71H104KA57-01A.pdf,
CAP-0001-0105,CL10A105KB8NNNC,Samsung,1uF 50V 0603 X5R,Device:C,Capacitor_SMD:C_0603_1608Metric,1uF,50V,X5R,10%,https://www.samsungsem.com/resources/file/global/support/product_catalog/MLCC_2512.pdf,
CAP-0002-0475,C1206C475K5PACTU,Kemet,4.7uF 50V 1206 X5R,Device:C,Capacitor_SMD:C_1206_3216Metric,4.7uF,50V,X5R,10%,https://media.digikey.com/pdf/Data%20Sheets/Kemet%20PDFs/C1206C475K5PAC.pdf,
CAP-0003-0107,A700D107M006ATE018,Kemet,100uF 6.3V EIA-7343-31 ALUM_POLY,Device:C_Polarized_US,Capacitor_Tantalum_SMD:CP_EIA-7343-31_Kemet-D,100uF,6.3V,ALUM_POLY,20%,https://connect.kemet.com:7667/gateway/IntelliData-ComponentDocumentation/1.0/download/datasheet/A700D107M006ATE018,
CAP-0003-0157,T598V157M010ATE025,Kemet,150uF 10V EIA-7343-31 TANT_POLY,Device:C_Polarized_US,Capacitor_Tantalum_SMD:CP_EIA-7343-31_Kemet-D,150uF,10V,TANT_POLY,20%,https://connect.kemet.com:7667/gateway/IntelliData-ComponentDocumentation/1.0/download/datasheet/T598V157M010ATE025,Replaced by CAP-0046-0157
CAP-0003-0227,10TPB220M,Panasonic,220uF 10V EIA-7343-31 TANT_POLY,Device:C_Polarized_US,Capacitor_Tantalum_SMD:CP_EIA-7343-31_Kemet-D,220uF,10V,TANT_POLY,20%,https://www.mouser.com/datasheet/2/315/AAA8000C65-1150039.pdf,Replaced by CAP-0046-0227
CAP-0004-0107,LMK325BJ107MM-T,Taiyo Yuden,100uF 10V 1210 X5R,Device:C,Capacitor_SMD:C_1210_3225Metric,100uF,10V,X5R,20%,https://www.mouser.com/datasheet/2/396/mlcc02_e-1307760.pdf,
CAP-0005-220F,SCCX50B227SSBLE,KYOCERA AVX,220F 2.7V CX50B227 SUPERCAP,Device:C_Polarized_US,g-cap:CX50B227,220F,2.7V,SUPERCAP,+30%/-10%,https://datasheets.kyocera-avx.com/AVX-SCC-LE.pdf,
CAP-0005-400F,SCCY68B407SSBLE,KYOCERA AVX,400F 2.7V CY68B407 SUPERCAP,Device:C_Polarized_US,g-cap:CY68B407,400F,2.7V,SUPERCAP,+30%/-10%,https://datasheets.kyocera-avx.com/AVX-SCC-LE.pdf,
CAP-0006-0180,06035A180JAT2A,KYOCERA AVX,18pF 50V 0603 C0G/NPO,Device:C,Capacitor_SMD:C_0603_1608Metric,18pF,50V,C0G/NPO,5%,https://datasheets.kyocera-avx.com/C0GNP0-KGM.pdf,
CAP-0006-04R7,06035A4R7KAT2A,KYOCERA AVX,4.7pF 50V 0603 C0G/NPO,Device:C,Capacitor_SMD:C_0603_1608Metric,4.7pF,50V,C0G/NPO,10%,https://datasheets.kyocera-avx.com/C0GNP0-KGM.pdf,
CAP-0007-0104,C0402C104K4RAC7867,Kemet,100nF 16V 0402 X7R,Device:C,Capacitor_SMD:C_0402_1005Metric,100nF,16V,X7R,10%,https://connect.kemet.com:7667/gateway/IntelliData-ComponentDocumentation/1.0/download/datasheet/C0402C104K4RACTU,
CAP-0008-0104,CGA4J2X7R2A104K125AA,TDK,100nF 100V 0805 X7R,Device:C,Capacitor_SMD:C_0805_2012Metric,100nF,100V,X7R,10%,https://product.tdk.com/en/system/files?file=dam/doc/product/capacitor/ceramic/mlcc/catalog/mlcc_automotive_midvoltage_en.pdf,
CAP-0009-0106,GRM31MR61E106MA12L,Murata,10uF 25V 1206 X5R,Device:C,Capacitor_SMD:C_1206_3216Metric,10uF,25V,X5R,20%,https://search.murata.co.jp/Ceramy/image/img/A01X/G101/ENG/GRM31MR61E106MA12-01A.pdf,
CAP-0009-0226,CL31A226KAHNNNE,Samsung,22uF 25V 1206 X5R,Device:C,Capacitor_SMD:C_1206_3216Metric,22uF,25V,X5R,10%,https://mm.digikey.com/Volume0/opasdata/d220001/medias/docus/658/CL31A226KAHNNNE_Spec.pdf,
CAP-0010-0103,GCM188R72A103KA37D,Murata,10nF 100V 0603 X7R,Device:C,Capacitor_SMD:C_0603_1608Metric,10nF,100V,X7R,10%,https://search.murata.co.jp/Ceramy/image/img/A01X/G101/ENG/GCM188R72A103KA37-01C.pdf,
CAP-0011-0225,HMK325B7225KMHP,Taiyo Yuden,2.2uF 100V 1210 X7R,Device:C,Capacitor_SMD:C_1210_3225Metric,2.2uF,100V,X7R,10%,https://mm.digikey.com/Volume0/opasdata/d220001/medias/docus/2295/HMK325B7225KMHP_SS.pdf,
CAP-0012-0226,CKG57NX7S2A226M500JJ,TDK,22uF 100V 6050 X7S,Device:C,g-cap:CAP_6050_TDK,22uF,100V,X7S,20%,https://product.tdk.com/en/system/files?file=dam/doc/product/capacitor/ceramic/mlcc/catalog/mlcc_automotive_megacap_en.pdf,
CAP-0013-0105,EMK105BJ105KV-F,Taiyo Yuden,1uF 16V 0402 X5R,Device:C,Capacitor_SMD:C_0402_1005Metric,1uF,16V,X5R,10%,https://mm.digikey.com/Volume0/opasdata/d220001/medias/docus/378/EMK105BJ105KV-F_SS.pdf,
CAP-0014-0101,CC0402JRNPO9BN101,Yageo,100pF 50V 0402 C0G/NPO,Device:C,Capacitor_SMD:C_0402_1005Metric,100pF,50V,C0G/NPO,5%,https://yageogroup.com/content/datasheet/asset/file/UPY-GP_NP0_16V-to-250V,
CAP-0014-0102,GRM1555C1H102JA01D,Murata,1nF 50V 0402 C0G/NPO,Device:C,Capacitor_SMD:C_0402_1005Metric,1nF,50V,C0G/NPO,5%,https://mm.digikey.com/Volume0/opasdata/d220001/medias/docus/8942/490_Chip_Multilayer_CAT2021_MLCC.pdf,
CAP-0014-0150,GRM1555C1H150JA01D,Murata,15pF 50V 0402 C0G/NPO,Device:C,Capacitor_SMD:C_0402_1005Metric,15pF,50V,C0G/NPO,5%,https://search.murata.co.jp/Ceramy/image/img/A01X/G101/ENG/GRM1555C1H150JA01-01A.pdf,
CAP-0014-0180,GRM1555C1H180JA01D,Murata,18pF 50V 0402 C0G/NPO,Device:C,Capacitor_SMD:C_0402_1005Metric,18pF,50V,C0G/NPO,5%,https://search.murata.co.jp/Ceramy/image/img/A01X/G101/ENG/GRM1555C1H180JA01-01A.pdf,
CAP-0014-0200,GJM1555C1H200JB01D,Murata,20pF 50V 0402 C0G/NPO,Device:C,Capacitor_SMD:C_0402_1005Metric,20pF,50V,C0G/NPO,5%,https://mm.digikey.com/Volume0/opasdata/d220001/medias/docus/8942/490_Chip_Multilayer_CAT2021_MLCC.pdf,
CAP-0014-0220,GRM1555C1H220JA01D,Murata,22pF 50V 0402 C0G/NPO,Device:C,Capacitor_SMD:C_0402_1005Metric,22pF,50V,C0G/NPO,5%,https://search.murata.co.jp/Ceramy/image/img/A01X/G101/ENG/GRM1555C1H220JA01-01A.pdf,
CAP-0014-0221,GRM1555C1H221JA01D,Murata,220pF 50V 0402 C0G/NPO,Device:C,Capacitor_SMD:C_0402_1005Metric,220pF,50V,C0G/NPO,5%,https://search.murata.co.jp/Ceramy/image/img/A01X/G101/ENG/GRM1555C1H221JA01-01A.pdf,
CAP-0014-0331,UMK105CG331JV-F,Taiyo Yuden,330pF 50V 0402 C0G/NPO,Device:C,Capacitor_SMD:C_0402_1005Metric,330pF,50V,C0G/NPO,5%,https://mm.digikey.com/Volume0/opasdata/d220001/medias/docus/886/UMK105CG331JV-F_SS.pdf,
CAP-0014-0471,GRM1555C1H471JA01D,Murata,470pF 50V 0402 C0G/NPO,Device:C,Capacitor_SMD:C_0402_1005Metric,470pF,50V,C0G/NPO,5%,https://mm.digikey.com/Volume0/opasdata/d220001/medias/docus/8942/490_Chip_Multilayer_CAT2021_MLCC.pdf,
CAP-0014-06R8,C0402C689J5GAC7867,Kemet,6.8pF 50V 0402 C0G/NPO,Device:C,Capacitor_SMD:C_0402_1005Metric,6.8pF,50V,C0G/NPO,5%,https://yageogroup.com/content/datasheet/asset/file/KEM_C1003_C0G_SMD,
CAP-0015-0106,GRM21BR61C106KE15K,Murata,10uF 16V 0805 X5R,Device:C,Capacitor_SMD:C_0805_2012Metric,10uF,16V,X5R,10%,https://mm.digikey.com/Volume0/opasdata/d220001/medias/docus/8942/490_Chip_Multilayer_CAT2021_MLCC.pdf,
CAP-0016-0224,CGA5L3X7T2E224K160AA,TDK,220nF 250V 1206 X7T,Device:C,Capacitor_SMD:C_1206_3216Metric,220nF,250V,X7T,10%,https://product.tdk.com/en/system/files?file=dam/doc/product/capacitor/ceramic/mlcc/catalog/mlcc_automotive_midvoltage_en.pdf,
CAP-0017-0334,CGA6M3X7T2E334K200AA,TDK,330nF 250V 1210 X7T,Device:C,Capacitor_SMD:C_1210_3225Metric,330nF,250V,X7T,10%,https://product.tdk.com/en/system/files?file=dam/doc/product/capacitor/ceramic/mlcc/catalog/mlcc_automotive_midvoltage_en.pdf,
CAP-0018-0222,C1206C222KGRACAUTO,Kemet,2.2nF 2kV 1206 X7R,Device:C,Capacitor_SMD:C_1206_3216Metric,2.2nF,2kV,X7R,10%,https://connect.kemet.com:7667/gateway/IntelliData-ComponentDocumentation/1.0/download/datasheet/C1206C222KGRACAUTO,
CAP-0019-0103,C0402C103K5RAC7867,Kemet,10nF 50V 0402 X7R,Device:C,Capacitor_SMD:C_0402_1005Metric,10nF,50V,X7R,10%,https://connect.kemet.com:7667/gateway/IntelliData-ComponentDocumentation/1.0/download/datasheet/C0402C103K5RACTU,
CAP-0019-0104,GRM155R71H104KE14D,Murata,100nF 50V 0402 X7R,Device:C,Capacitor_SMD:C_0402_1005Metric,100nF,50V,X7R,10%,https://mm.digikey.com/Volume0/opasdata/d220001/medias/docus/8942/490_Chip_Multilayer_CAT2021_MLCC.pdf,
CAP-0019-0222,CL05B222KB5VPNC,Samsung,2.2nF 50V 0402 X7R,Device:C,Capacitor_SMD:C_0402_1005Metric,2.2nF,50V,X7R,10%,https://mm.digikey.com/Volume0/opasdata/d220001/medias/docus/2556/CL05B222KB5VPNC_Spec.pdf,
CAP-0019-0223,GRM155R71H223KA12D,Murata,22nF 50V 0402 X7R,Device:C,Capacitor_SMD:C_0402_1005Metric,22nF,50V,X7R,10%,https://mm.digikey.com/Volume0/opasdata/d220001/medias/docus/8942/490_Chip_Multilayer_CAT2021_MLCC.pdf,
CAP-0019-0333,GCM155R71H333KE02D,Murata,33nF 50V 0402 X7R,Device:C,Capacitor_SMD:C_0402_1005Metric,33nF,50V,X7R,10%,https://search.murata.co.jp/Ceramy/image/img/A01X/G101/ENG/GCM155R71H333KE02-01A.pdf,
CAP-0019-0682,CC0402KRX7R9BB682,Yageo,6.8nF 50V 0402 X7R,Device:C,Capacitor_SMD:C_0402_1005Metric,6.8nF,50V,X7R,10%,https://yageogroup.com/content/datasheet/asset/file/UPY-GPHC_X7R_6_3V-TO-250V,
CAP-0019-0821,GCM155R71H821KA37D,Murata,820pF 50V 0402 X7R,Device:C,Capacitor_SMD:C_0402_1005Metric,820pF,50V,X7R,10%,https://search.murata.co.jp/Ceramy/image/img/A01X/G101/ENG/GCM155R71H821KA37-01A.pdf,
CAP-0020-0226,GRM188R60J226MEA0D,Murata,22uF 6.3V 0603 X5R,Device:C,Capacitor_SMD:C_0603_1608Metric,22uF,6.3V,X5R,20%,https://mm.digikey.com/Volume0/opasdata/d220001/medias/docus/8942/490_Chip_Multilayer_CAT2021_MLCC.pdf,
CAP-0020-0476,GRM188R60J476ME15J,Murata,47uF 6.3V 0603 X5R,Device:C,Capacitor_SMD:C_0603_1608Metric,47uF,6.3V,X5R,20%,https://mm.digikey.com/Volume0/opasdata/d220001/medias/docus/8942/490_Chip_Multilayer_CAT2021_MLCC.pdf,
CAP-0023-0105,GJ821BR71H105KA12L,Murata,1uF 50V 0805 X7R,Device:C,Capacitor_SMD:C_0805_2012Metric,1uF,50V,X7R,10%,https://search.murata.co.jp/Ceramy/image/img/A01X/G101/ENG/GJ821BR71H105KA12-01.pdf,
CAP-0025-0226,GRM21BR60J226ME39L,Murata,22uF 6.3V 0805 X5R,Device:C,Capacitor_SMD:C_0805_2012Metric,22uF,6.3V,X5R,20%,https://mm.digikey.com/Volume0/opasdata/d220001/medias/docus/8942/490_Chip_Multilayer_CAT2021_MLCC.pdf,
CAP-0026-0225,GRM188R71A225KE15D,Murata,2.2uF 10V 0603 X7R,Device:C,Capacitor_SMD:C_0603_1608Metric,2.2uF,10V,X7R,10%,https://mm.digikey.com/Volume0/opasdata/d220001/medias/docus/8942/490_Chip_Multilayer_CAT2021_MLCC.pdf,
CAP-0027-0106,C1608X5R1A106M080AC,TDK,10uF 10V 0603 X5R,Device:C,Capacitor_SMD:C_0603_1608Metric,10uF,10V,X5R,20%,https://product.tdk.com/system/files/dam/doc/product/capacitor/ceramic/mlcc/catalog/mlcc_commercial_general_en.pdf,
CAP-0028-0225,C1206C225K4RAC7800,Kemet,2.2uF 16V 1206 X7R,Device:C,Capacitor_SMD:C_1206_3216Metric,2.2uF,16V,X7R,10%,https://connect.kemet.com:7667/gateway/IntelliData-ComponentDocumentation/1.0/download/datasheet/C1206C225K4RACTU,
CAP-0029-0226,CL32B226KOJVPJE,Samsung,22uF 16V 1210 X7R,Device:C,Capacitor_SMD:C_1210_3225Metric,22uF,16V,X7R,10%,https://www.samsungsem.com/resources/file/global/support/product_catalog/MLCC_2512.pdf,
CAP-0030-0224,CGA2B3X7R0J224K050BB,TDK,220nF 6.3V 0402 X7R,Device:C,Capacitor_SMD:C_0402_1005Metric,220nF,6.3V,X7R,10%,https://product.tdk.com/system/files/dam/doc/product/capacitor/ceramic/mlcc/catalog/mlcc_automotive_general_en.pdf,
CAP-0031-0567,APXG160ARA561MHA0G,Chemi-Con,560uF 16V ELEC 8x10 ALUM_POLY,Device:C_Polarized_US,Capacitor_SMD:CP_Elec_8x10,560uF,16V,ALUM_POLY,20%,https://www.chemi-con.co.jp/products/relatedfiles/capacitor/catalog/PXGRA-e.PDF,
CAP-0032-0107,APXT160ARA101ME61G,Chemi-Con,100uF 16V ELEC 5x5.8 ALUM_POLY,Device:C_Polarized_US,Capacitor_SMD:CP_Elec_5x5.8,100uF,16V,ALUM_POLY,20%,https://mm.digikey.com/Volume0/opasdata/d220001/medias/docus/5011/PXT_Series_DS.pdf,
CAP-0033-0105,GRT155C80J105KE01J,Murata,1uF 6.3V 0402 X6S,Device:C,Capacitor_SMD:C_0402_1005Metric,1uF,6.3V,X6S,10%,https://search.murata.co.jp/Ceramy/image/img/A01X/G101/ENG/GRT155C80J105KE01-01A.pdf,
CAP-0033-0225,GRT155C80J225KE01J,Murata,2.2uF 6.3V 0402 X6S,Device:C,Capacitor_SMD:C_0402_1005Metric,2.2uF,6.3V,X6S,10%,https://search.murata.co.jp/Ceramy/image/img/A01X/G101/ENG/GRT155C80J225KE01-01A.pdf,
CAP-0034-0226,CL31A226KAHNNNE,Samsung,22uF 25V 1206 X5R,Device:C,Capacitor_SMD:C_1206_3216Metric,22uF,25V,X5R,10%,https://mm.digikey.com/Volume0/opasdata/d220001/medias/docus/658/CL31A226KAHNNNE_Spec.pdf,Replaced by CAP-0009-0226
CAP-0035-0107,GRM21BC80G107ME15K,Murata,100uF 4V 0805 X6S,Device:C,Capacitor_SMD:C_0805_2012Metric,100uF,4V,X6S,20%,https://mm.digikey.com/Volume0/opasdata/d220001/medias/docus/8942/490_Chip_Multilayer_CAT2021_MLCC.pdf,
CAP-0037-0102,1808HC102KAT1A,KYOCERA AVX,1nF 3kV 1808 X7R,Device:C,g-cap:CAP_1808,1nF,3kV,X7R,10%,https://datasheets.kyocera-avx.com/AVX-HV_MLCC.pdf,
CAP-0038-0475,C1005X5R0J475K050BC,TDK,4.7uF 6.3V 0402 X5R,Device:C,Capacitor_SMD:C_0402_1005Metric,4.7uF,6.3V,X5R,10%,https://product.tdk.com/system/files/dam/doc/product/capacitor/ceramic/mlcc/catalog/mlcc_commercial_general_en.pdf,
CAP-0039-0475,GRM188R61E475KE11D,Murata,4.7uF 25V 0603 X5R,Device:C,Capacitor_SMD:C_0603_1608Metric,4.7uF,25V,X5R,10%,https://mm.digikey.com/Volume0/opasdata/d220001/medias/docus/8942/490_Chip_Multilayer_CAT2021_MLCC.pdf,
CAP-0040-0226,875105544003,Würth Elektronik,22uF 25V ELEC 6.3x5.8 ALUM_POLY,Device:C_Polarized_US,Capacitor_SMD:CP_Elec_6.3x5.8,22uF,25V,ALUM_POLY,20%,https://www.we-online.com/components/products/datasheet/875105544003.pdf,
CAP-0041-0104,GRM033R61E104KE14J,Murata,100nF 25V 0201 X5R,Device:C,g-cap:C_0201_EIT_Custom_0.254x0.330;C_0201_EIT_Custom_0.254x0.330_with_voiding,100nF,25V,X5R,10%,https://mm.digikey.com/Volume0/opasdata/d220001/medias/docus/8942/490_Chip_Multilayer_CAT2021_MLCC.pdf,
CAP-0041-0224,GRM033R61E224KE01D,Murata,220nF 25V 0201 X5R,Device:C,g-cap:C_0201_EIT_Custom_0.254x0.330;C_0201_EIT_Custom_0.254x0.330_with_voiding,220nF,25V,X5R,10%,https://mm.digikey.com/Volume0/opasdata/d220001/medias/docus/8942/490_Chip_Multilayer_CAT2021_MLCC.pdf,
CAP-0041-0334,CL03A334KA3NRNC,Samsung,330nF 25V 0201 X5R,Device:C,g-cap:C_0201_EIT_Custom_0.254x0.330;C_0201_EIT_Custom_0.254x0.330_with_voiding,330nF,25V,X5R,10%,https://www.samsungsem.com/resources/file/global/support/product_catalog/MLCC_2512.pdf,
CAP-0042-0226,GRM188R60J226MEA0D,Murata,22uF 6.3V 0603 X5R,Device:C,Capacitor_SMD:C_0603_1608Metric,22uF,6.3V,X5R,20%,https://mm.digikey.com/Volume0/opasdata/d220001/medias/docus/8942/490_Chip_Multilayer_CAT2021_MLCC.pdf,Replaced by CAP-0020-0226
CAP-0042-0476,GRM188R60J476ME15J,Murata,47uF 6.3V 0603 X5R,Device:C,Capacitor_SMD:C_0603_1608Metric,47uF,6.3V,X5R,20%,https://mm.digikey.com/Volume0/opasdata/d220001/medias/docus/8942/490_Chip_Multilayer_CAT2021_MLCC.pdf,Replaced by CAP-0020-0476
CAP-0043-0225,GMC02X5R225K6R3NT,Cal-Chip Electronics,2.2uF 6.3V 0201 X5R,Device:C,g-cap:C_0201_EIT_Custom_0.254x0.330;C_0201_EIT_Custom_0.254x0.330_with_voiding,2.2uF,6.3V,X5R,10%,https://calchip.com/wp-content/uploads/2023/05/gmc_series.pdf,
CAP-0044-0180,06035A180JAT2A,KYOCERA AVX,18pF 50V 0603 C0G/NPO,Device:C,Capacitor_SMD:C_0603_1608Metric,18pF,50V,C0G/NPO,5%,https://datasheets.kyocera-avx.com/C0GNP0-KGM.pdf,Replaced by CAP-0006-0180
CAP-0045-120F,HSL1225-3R8127-R,Eaton,120F 3.8V RADIAL D12.5mm LIC 12uA leakage,Device:C_Polarized_US,Capacitor_THT:CP_Radial_D13.0mm_P5.00mm,120F,3.8V,LIC,20%,https://www.eaton.com/content/dam/eaton/products/electronic-components/resources/data-sheet/eaton-supercapacitor-hybrid-cylindrical-cells-data-sheet.pdf,
CAP-0046-0157,T598V157M010ATE025,Kemet,150uF 10V EIA-7343-31 TANT_POLY,Device:C_Polarized_US,Capacitor_Tantalum_SMD:CP_EIA-7343-31_Kemet-D,150uF,10V,TANT_POLY,20%,https://connect.kemet.com:7667/gateway/IntelliData-ComponentDocumentation/1.0/download/datasheet/T598V157M010ATE025,
CAP-0046-0227,10TPB220M,Panasonic,220uF 10V EIA-7343-31 TANT_POLY,Device:C_Polarized_US,Capacitor_Tantalum_SMD:CP_EIA-7343-31_Kemet-D,220uF,10V,TANT_POLY,20%,https://www.mouser.com/datasheet/2/315/AAA8000C65-1150039.pdf,
