IPN,MPN,Manufacturer,Description,Datasheet
CBL-0001-3207,M3207,Heyco,waterproof cord grip,https://www.heyco.com/products/liquid-tight-cordgrips/nylon-cordgrips/heyco-tite-liquid-tight-cordgrips-straight-thru-pg-hubs/#
CBL-0001-3210,M3210,Heyco,waterproof cord grip,https://www.heyco.com/products/liquid-tight-cordgrips/nylon-cordgrips/heyco-tite-liquid-tight-cordgrips-straight-thru-pg-hubs/#
CBL-0001-3213,M3213,Heyco,waterproof cord grip,https://www.heyco.com/products/liquid-tight-cordgrips/nylon-cordgrips/heyco-tite-liquid-tight-cordgrips-straight-thru-pg-hubs/#
CBL-0001-3216,M3216,Heyco,waterproof cord grip,https://www.heyco.com/products/liquid-tight-cordgrips/nylon-cordgrips/heyco-tite-liquid-tight-cordgrips-straight-thru-pg-hubs/#
CBL-0001-3219,M3219,Heyco,waterproof cord grip,https://www.heyco.com/products/liquid-tight-cordgrips/nylon-cordgrips/heyco-tite-liquid-tight-cordgrips-straight-thru-pg-hubs/#
CBL-0002-0000,,,Wire 26AWG stranded PVC UL1007 black ft,
CBL-0002-0001,,,Wire 26AWG stranded PVC UL1007 red ft,
CBL-0002-0002,,,Wire 26AWG stranded PVC UL1007 white ft,
CBL-0002-0003,,,Wire 26AWG stranded PVC UL1007 green ft,
CBL-0002-0004,,,Wire 26AWG stranded PVC UL1007 blue ft,
CBL-0002-0005,,,Wire 26AWG stranded PVC UL1007 yellow ft,
CBL-0003-0000,,,Wire 24AWG stranded PVC UL1007 black ft,
CBL-0003-0001,,,Wire 24AWG stranded PVC UL1007 red ft,
CBL-0003-0002,,,Wire 24AWG stranded PVC UL1007 white ft,
CBL-0003-0003,,,Wire 24AWG stranded PVC UL1007 green ft,
CBL-0003-0004,,,Wire 24AWG stranded PVC UL1007 blue ft,
CBL-0003-0005,,,Wire 24AWG stranded PVC UL1007 yellow ft,
CBL-0004-0000,,,Wire 22AWG stranded PVC UL1007 black ft,
CBL-0004-0001,,,Wire 22AWG stranded PVC UL1007 red ft,
CBL-0004-0002,,,Wire 22AWG stranded PVC UL1007 white ft,
CBL-0004-0003,,,Wire 22AWG stranded PVC UL1007 green ft,
CBL-0004-0004,,,Wire 22AWG stranded PVC UL1007 blue ft,
CBL-0004-0005,,,Wire 22AWG stranded PVC UL1007 yellow ft,
CBL-0005-0000,,,Wire 18AWG stranded PVC UL1007 black ft,
CBL-0005-0001,,,Wire 18AWG stranded PVC UL1007 red ft,
CBL-0005-0002,,,Wire 18AWG stranded PVC UL1007 white ft,
CBL-0005-0003,,,Wire 18AWG stranded PVC UL1007 green ft,
CBL-0005-0004,,,Wire 18AWG stranded PVC UL1007 blue ft,
CBL-0005-0005,,,Wire 18AWG stranded PVC UL1007 yellow ft,
CBL-0006-0125,"FP-301 1/8"" BL 500'",3M,Heatshrink FP301 1/8 in black ft,https://multimedia.3m.com/mws/media/23031O/3m-heat-shrink-tubing-fp-301-data-sheet.pdf
CBL-0006-0188,"FP-301 3/16"" BL 500'",3M,Heatshrink FP301 3/16 in black ft,https://multimedia.3m.com/mws/media/23031O/3m-heat-shrink-tubing-fp-301-data-sheet.pdf
