old_ipn,new_ipn,resistance
RES-0000-1000,RES-0000-1R00,1
RES-0000-1001,RES-0000-10R0,10
RES-0000-1002,RES-0000-1000,100
RES-0000-1003,RES-0000-1001,1K
RES-0000-1004,RES-0000-1002,10K
RES-0000-1005,RES-0000-1003,100K
RES-0000-1006,RES-0000-1004,1M
RES-0000-1020,RES-0000-1R02,1.02
RES-0000-1021,RES-0000-10R2,10.2
RES-0000-1022,RES-0000-1020,102
RES-0000-1023,RES-0000-1021,1.02K
RES-0000-1024,RES-0000-1022,10.2K
RES-0000-1025,RES-0000-1023,102K
RES-0000-1026,RES-0000-1024,1.02M
RES-0000-1050,RES-0000-1R05,1.05
RES-0000-1051,RES-0000-10R5,10.5
RES-0000-1052,RES-0000-1050,105
RES-0000-1053,RES-0000-1051,1.05K
RES-0000-1054,RES-0000-1052,10.5K
RES-0000-1055,RES-0000-1053,105K
RES-0000-1056,RES-0000-1054,1.05M
RES-0000-1070,RES-0000-1R07,1.07
RES-0000-1071,RES-0000-10R7,10.7
RES-0000-1072,RES-0000-1070,107
RES-0000-1073,RES-0000-1071,1.07K
RES-0000-1074,RES-0000-1072,10.7K
RES-0000-1075,RES-0000-1073,107K
RES-0000-1076,RES-0000-1074,1.07M
RES-0000-1100,RES-0000-1R10,1.1
RES-0000-1101,RES-0000-11R0,11
RES-0000-1102,RES-0000-1100,110
RES-0000-1103,RES-0000-1101,1.1K
RES-0000-1104,RES-0000-1102,11K
RES-0000-1105,RES-0000-1103,110K
RES-0000-1106,RES-0000-1104,1.1M
RES-0000-1130,RES-0000-1R13,1.13
RES-0000-1131,RES-0000-11R3,11.3
RES-0000-1132,RES-0000-1130,113
RES-0000-1133,RES-0000-1131,1.13K
RES-0000-1134,RES-0000-1132,11.3K
RES-0000-1135,RES-0000-1133,113K
RES-0000-1136,RES-0000-1134,1.13M
RES-0000-1150,RES-0000-1R15,1.15
RES-0000-1151,RES-0000-11R5,11.5
RES-0000-1152,RES-0000-1150,115
RES-0000-1153,RES-0000-1151,1.15K
RES-0000-1154,RES-0000-1152,11.5K
RES-0000-1155,RES-0000-1153,115K
RES-0000-1156,RES-0000-1154,1.15M
RES-0000-1180,RES-0000-1R18,1.18
RES-0000-1181,RES-0000-11R8,11.8
RES-0000-1182,RES-0000-1180,118
RES-0000-1183,RES-0000-1181,1.18K
RES-0000-1184,RES-0000-1182,11.8K
RES-0000-1185,RES-0000-1183,118K
RES-0000-1186,RES-0000-1184,1.18M
RES-0000-1210,RES-0000-1R21,1.21
RES-0000-1211,RES-0000-12R1,12.1
RES-0000-1212,RES-0000-1210,121
RES-0000-1213,RES-0000-1211,1.21K
RES-0000-1214,RES-0000-1212,12.1K
RES-0000-1215,RES-0000-1213,121K
RES-0000-1216,RES-0000-1214,1.21M
RES-0000-1240,RES-0000-1R24,1.24
RES-0000-1241,RES-0000-12R4,12.4
RES-0000-1242,RES-0000-1240,124
RES-0000-1243,RES-0000-1241,1.24K
RES-0000-1244,RES-0000-1242,12.4K
RES-0000-1245,RES-0000-1243,124K
RES-0000-1246,RES-0000-1244,1.24M
RES-0000-1270,RES-0000-1R27,1.27
RES-0000-1271,RES-0000-12R7,12.7
RES-0000-1272,RES-0000-1270,127
RES-0000-1273,RES-0000-1271,1.27K
RES-0000-1274,RES-0000-1272,12.7K
RES-0000-1275,RES-0000-1273,127K
RES-0000-1276,RES-0000-1274,1.27M
RES-0000-1300,RES-0000-1R30,1.3
RES-0000-1301,RES-0000-13R0,13
RES-0000-1302,RES-0000-1300,130
RES-0000-1303,RES-0000-1301,1.3K
RES-0000-1304,RES-0000-1302,13K
RES-0000-1305,RES-0000-1303,130K
RES-0000-1306,RES-0000-1304,1.3M
RES-0000-1330,RES-0000-1R33,1.33
RES-0000-1331,RES-0000-13R3,13.3
RES-0000-1332,RES-0000-1330,133
RES-0000-1333,RES-0000-1331,1.33K
RES-0000-1334,RES-0000-1332,13.3K
RES-0000-1335,RES-0000-1333,133K
RES-0000-1336,RES-0000-1334,1.33M
RES-0000-1370,RES-0000-1R37,1.37
RES-0000-1371,RES-0000-13R7,13.7
RES-0000-1372,RES-0000-1370,137
RES-0000-1373,RES-0000-1371,1.37K
RES-0000-1374,RES-0000-1372,13.7K
RES-0000-1375,RES-0000-1373,137K
RES-0000-1376,RES-0000-1374,1.37M
RES-0000-1400,RES-0000-1R40,1.4
RES-0000-1401,RES-0000-14R0,14
RES-0000-1402,RES-0000-1400,140
RES-0000-1403,RES-0000-1401,1.4K
RES-0000-1404,RES-0000-1402,14K
RES-0000-1405,RES-0000-1403,140K
RES-0000-1406,RES-0000-1404,1.4M
RES-0000-1430,RES-0000-1R43,1.43
RES-0000-1431,RES-0000-14R3,14.3
RES-0000-1432,RES-0000-1430,143
RES-0000-1433,RES-0000-1431,1.43K
RES-0000-1434,RES-0000-1432,14.3K
RES-0000-1435,RES-0000-1433,143K
RES-0000-1436,RES-0000-1434,1.43M
RES-0000-1470,RES-0000-1R47,1.47
RES-0000-1471,RES-0000-14R7,14.7
RES-0000-1472,RES-0000-1470,147
RES-0000-1473,RES-0000-1471,1.47K
RES-0000-1474,RES-0000-1472,14.7K
RES-0000-1475,RES-0000-1473,147K
RES-0000-1476,RES-0000-1474,1.47M
RES-0000-1500,RES-0000-1R50,1.5
RES-0000-1501,RES-0000-15R0,15
RES-0000-1502,RES-0000-1500,150
RES-0000-1503,RES-0000-1501,1.5K
RES-0000-1504,RES-0000-1502,15K
RES-0000-1505,RES-0000-1503,150K
RES-0000-1506,RES-0000-1504,1.5M
RES-0000-1540,RES-0000-1R54,1.54
RES-0000-1541,RES-0000-15R4,15.4
RES-0000-1542,RES-0000-1540,154
RES-0000-1543,RES-0000-1541,1.54K
RES-0000-1544,RES-0000-1542,15.4K
RES-0000-1545,RES-0000-1543,154K
RES-0000-1546,RES-0000-1544,1.54M
RES-0000-1580,RES-0000-1R58,1.58
RES-0000-1581,RES-0000-15R8,15.8
RES-0000-1582,RES-0000-1580,158
RES-0000-1583,RES-0000-1581,1.58K
RES-0000-1584,RES-0000-1582,15.8K
RES-0000-1585,RES-0000-1583,158K
RES-0000-1586,RES-0000-1584,1.58M
RES-0000-1620,RES-0000-1R62,1.62
RES-0000-1621,RES-0000-16R2,16.2
RES-0000-1622,RES-0000-1620,162
RES-0000-1623,RES-0000-1621,1.62K
RES-0000-1624,RES-0000-1622,16.2K
RES-0000-1625,RES-0000-1623,162K
RES-0000-1626,RES-0000-1624,1.62M
RES-0000-1650,RES-0000-1R65,1.65
RES-0000-1651,RES-0000-16R5,16.5
RES-0000-1652,RES-0000-1650,165
RES-0000-1653,RES-0000-1651,1.65K
RES-0000-1654,RES-0000-1652,16.5K
RES-0000-1655,RES-0000-1653,165K
RES-0000-1656,RES-0000-1654,1.65M
RES-0000-1690,RES-0000-1R69,1.69
RES-0000-1691,RES-0000-16R9,16.9
RES-0000-1692,RES-0000-1690,169
RES-0000-1693,RES-0000-1691,1.69K
RES-0000-1694,RES-0000-1692,16.9K
RES-0000-1695,RES-0000-1693,169K
RES-0000-1696,RES-0000-1694,1.69M
RES-0000-1740,RES-0000-1R74,1.74
RES-0000-1741,RES-0000-17R4,17.4
RES-0000-1742,RES-0000-1740,174
RES-0000-1743,RES-0000-1741,1.74K
RES-0000-1744,RES-0000-1742,17.4K
RES-0000-1745,RES-0000-1743,174K
RES-0000-1746,RES-0000-1744,1.74M
RES-0000-1780,RES-0000-1R78,1.78
RES-0000-1781,RES-0000-17R8,17.8
RES-0000-1782,RES-0000-1780,178
RES-0000-1783,RES-0000-1781,1.78K
RES-0000-1784,RES-0000-1782,17.8K
RES-0000-1785,RES-0000-1783,178K
RES-0000-1786,RES-0000-1784,1.78M
RES-0000-1820,RES-0000-1R82,1.82
RES-0000-1821,RES-0000-18R2,18.2
RES-0000-1822,RES-0000-1820,182
RES-0000-1823,RES-0000-1821,1.82K
RES-0000-1824,RES-0000-1822,18.2K
RES-0000-1825,RES-0000-1823,182K
RES-0000-1826,RES-0000-1824,1.82M
RES-0000-1870,RES-0000-1R87,1.87
RES-0000-1871,RES-0000-18R7,18.7
RES-0000-1872,RES-0000-1870,187
RES-0000-1873,RES-0000-1871,1.87K
RES-0000-1874,RES-0000-1872,18.7K
RES-0000-1875,RES-0000-1873,187K
RES-0000-1876,RES-0000-1874,1.87M
RES-0000-1910,RES-0000-1R91,1.91
RES-0000-1911,RES-0000-19R1,19.1
RES-0000-1912,RES-0000-1910,191
RES-0000-1913,RES-0000-1911,1.91K
RES-0000-1914,RES-0000-1912,19.1K
RES-0000-1915,RES-0000-1913,191K
RES-0000-1916,RES-0000-1914,1.91M
RES-0000-1960,RES-0000-1R96,1.96
RES-0000-1961,RES-0000-19R6,19.6
RES-0000-1962,RES-0000-1960,196
RES-0000-1963,RES-0000-1961,1.96K
RES-0000-1964,RES-0000-1962,19.6K
RES-0000-1965,RES-0000-1963,196K
RES-0000-1966,RES-0000-1964,1.96M
RES-0000-2000,RES-0000-2R00,2
RES-0000-2001,RES-0000-20R0,20
RES-0000-2002,RES-0000-2000,200
RES-0000-2003,RES-0000-2001,2K
RES-0000-2004,RES-0000-2002,20K
RES-0000-2005,RES-0000-2003,200K
RES-0000-2006,RES-0000-2004,2M
RES-0000-2050,RES-0000-2R05,2.05
RES-0000-2051,RES-0000-20R5,20.5
RES-0000-2052,RES-0000-2050,205
RES-0000-2053,RES-0000-2051,2.05K
RES-0000-2054,RES-0000-2052,20.5K
RES-0000-2055,RES-0000-2053,205K
RES-0000-2056,RES-0000-2054,2.05M
RES-0000-2100,RES-0000-2R10,2.1
RES-0000-2101,RES-0000-21R0,21
RES-0000-2102,RES-0000-2100,210
RES-0000-2103,RES-0000-2101,2.1K
RES-0000-2104,RES-0000-2102,21K
RES-0000-2105,RES-0000-2103,210K
RES-0000-2106,RES-0000-2104,2.1M
RES-0000-2150,RES-0000-2R15,2.15
RES-0000-2151,RES-0000-21R5,21.5
RES-0000-2152,RES-0000-2150,215
RES-0000-2153,RES-0000-2151,2.15K
RES-0000-2154,RES-0000-2152,21.5K
RES-0000-2155,RES-0000-2153,215K
RES-0000-2156,RES-0000-2154,2.15M
RES-0000-2210,RES-0000-2R21,2.21
RES-0000-2211,RES-0000-22R1,22.1
RES-0000-2212,RES-0000-2210,221
RES-0000-2213,RES-0000-2211,2.21K
RES-0000-2214,RES-0000-2212,22.1K
RES-0000-2215,RES-0000-2213,221K
RES-0000-2216,RES-0000-2214,2.21M
RES-0000-2260,RES-0000-2R26,2.26
RES-0000-2261,RES-0000-22R6,22.6
RES-0000-2262,RES-0000-2260,226
RES-0000-2263,RES-0000-2261,2.26K
RES-0000-2264,RES-0000-2262,22.6K
RES-0000-2265,RES-0000-2263,226K
RES-0000-2266,RES-0000-2264,2.26M
RES-0000-2320,RES-0000-2R32,2.32
RES-0000-2321,RES-0000-23R2,23.2
RES-0000-2322,RES-0000-2320,232
RES-0000-2323,RES-0000-2321,2.32K
RES-0000-2324,RES-0000-2322,23.2K
RES-0000-2325,RES-0000-2323,232K
RES-0000-2326,RES-0000-2324,2.32M
RES-0000-2370,RES-0000-2R37,2.37
RES-0000-2371,RES-0000-23R7,23.7
RES-0000-2372,RES-0000-2370,237
RES-0000-2373,RES-0000-2371,2.37K
RES-0000-2374,RES-0000-2372,23.7K
RES-0000-2375,RES-0000-2373,237K
RES-0000-2376,RES-0000-2374,2.37M
RES-0000-2430,RES-0000-2R43,2.43
RES-0000-2431,RES-0000-24R3,24.3
RES-0000-2432,RES-0000-2430,243
RES-0000-2433,RES-0000-2431,2.43K
RES-0000-2434,RES-0000-2432,24.3K
RES-0000-2435,RES-0000-2433,243K
RES-0000-2436,RES-0000-2434,2.43M
RES-0000-2490,RES-0000-2R49,2.49
RES-0000-2491,RES-0000-24R9,24.9
RES-0000-2492,RES-0000-2490,249
RES-0000-2493,RES-0000-2491,2.49K
RES-0000-2494,RES-0000-2492,24.9K
RES-0000-2495,RES-0000-2493,249K
RES-0000-2496,RES-0000-2494,2.49M
RES-0000-2550,RES-0000-2R55,2.55
RES-0000-2551,RES-0000-25R5,25.5
RES-0000-2552,RES-0000-2550,255
RES-0000-2553,RES-0000-2551,2.55K
RES-0000-2554,RES-0000-2552,25.5K
RES-0000-2555,RES-0000-2553,255K
RES-0000-2556,RES-0000-2554,2.55M
RES-0000-2610,RES-0000-2R61,2.61
RES-0000-2611,RES-0000-26R1,26.1
RES-0000-2612,RES-0000-2610,261
RES-0000-2613,RES-0000-2611,2.61K
RES-0000-2614,RES-0000-2612,26.1K
RES-0000-2615,RES-0000-2613,261K
RES-0000-2616,RES-0000-2614,2.61M
RES-0000-2670,RES-0000-2R67,2.67
RES-0000-2671,RES-0000-26R7,26.7
RES-0000-2672,RES-0000-2670,267
RES-0000-2673,RES-0000-2671,2.67K
RES-0000-2674,RES-0000-2672,26.7K
RES-0000-2675,RES-0000-2673,267K
RES-0000-2676,RES-0000-2674,2.67M
RES-0000-2740,RES-0000-2R74,2.74
RES-0000-2741,RES-0000-27R4,27.4
RES-0000-2742,RES-0000-2740,274
RES-0000-2743,RES-0000-2741,2.74K
RES-0000-2744,RES-0000-2742,27.4K
RES-0000-2745,RES-0000-2743,274K
RES-0000-2746,RES-0000-2744,2.74M
RES-0000-2800,RES-0000-2R80,2.8
RES-0000-2801,RES-0000-28R0,28
RES-0000-2802,RES-0000-2800,280
RES-0000-2803,RES-0000-2801,2.8K
RES-0000-2804,RES-0000-2802,28K
RES-0000-2805,RES-0000-2803,280K
RES-0000-2806,RES-0000-2804,2.8M
RES-0000-2870,RES-0000-2R87,2.87
RES-0000-2871,RES-0000-28R7,28.7
RES-0000-2872,RES-0000-2870,287
RES-0000-2873,RES-0000-2871,2.87K
RES-0000-2874,RES-0000-2872,28.7K
RES-0000-2875,RES-0000-2873,287K
RES-0000-2876,RES-0000-2874,2.87M
RES-0000-2940,RES-0000-2R94,2.94
RES-0000-2941,RES-0000-29R4,29.4
RES-0000-2942,RES-0000-2940,294
RES-0000-2943,RES-0000-2941,2.94K
RES-0000-2944,RES-0000-2942,29.4K
RES-0000-2945,RES-0000-2943,294K
RES-0000-2946,RES-0000-2944,2.94M
RES-0000-3010,RES-0000-3R01,3.01
RES-0000-3011,RES-0000-30R1,30.1
RES-0000-3012,RES-0000-3010,301
RES-0000-3013,RES-0000-3011,3.01K
RES-0000-3014,RES-0000-3012,30.1K
RES-0000-3015,RES-0000-3013,301K
RES-0000-3016,RES-0000-3014,3.01M
RES-0000-3090,RES-0000-3R09,3.09
RES-0000-3091,RES-0000-30R9,30.9
RES-0000-3092,RES-0000-3090,309
RES-0000-3093,RES-0000-3091,3.09K
RES-0000-3094,RES-0000-3092,30.9K
RES-0000-3095,RES-0000-3093,309K
RES-0000-3096,RES-0000-3094,3.09M
RES-0000-3160,RES-0000-3R16,3.16
RES-0000-3161,RES-0000-31R6,31.6
RES-0000-3162,RES-0000-3160,316
RES-0000-3163,RES-0000-3161,3.16K
RES-0000-3164,RES-0000-3162,31.6K
RES-0000-3165,RES-0000-3163,316K
RES-0000-3166,RES-0000-3164,3.16M
RES-0000-3240,RES-0000-3R24,3.24
RES-0000-3241,RES-0000-32R4,32.4
RES-0000-3242,RES-0000-3240,324
RES-0000-3243,RES-0000-3241,3.24K
RES-0000-3244,RES-0000-3242,32.4K
RES-0000-3245,RES-0000-3243,324K
RES-0000-3246,RES-0000-3244,3.24M
RES-0000-3320,RES-0000-3R32,3.32
RES-0000-3321,RES-0000-33R2,33.2
RES-0000-3322,RES-0000-3320,332
RES-0000-3323,RES-0000-3321,3.32K
RES-0000-3324,RES-0000-3322,33.2K
RES-0000-3325,RES-0000-3323,332K
RES-0000-3326,RES-0000-3324,3.32M
RES-0000-3400,RES-0000-3R40,3.4
RES-0000-3401,RES-0000-34R0,34
RES-0000-3402,RES-0000-3400,340
RES-0000-3403,RES-0000-3401,3.4K
RES-0000-3404,RES-0000-3402,34K
RES-0000-3405,RES-0000-3403,340K
RES-0000-3406,RES-0000-3404,3.4M
RES-0000-3480,RES-0000-3R48,3.48
RES-0000-3481,RES-0000-34R8,34.8
RES-0000-3482,RES-0000-3480,348
RES-0000-3483,RES-0000-3481,3.48K
RES-0000-3484,RES-0000-3482,34.8K
RES-0000-3485,RES-0000-3483,348K
RES-0000-3486,RES-0000-3484,3.48M
RES-0000-3570,RES-0000-3R57,3.57
RES-0000-3571,RES-0000-35R7,35.7
RES-0000-3572,RES-0000-3570,357
RES-0000-3573,RES-0000-3571,3.57K
RES-0000-3574,RES-0000-3572,35.7K
RES-0000-3575,RES-0000-3573,357K
RES-0000-3576,RES-0000-3574,3.57M
RES-0000-3650,RES-0000-3R65,3.65
RES-0000-3651,RES-0000-36R5,36.5
RES-0000-3652,RES-0000-3650,365
RES-0000-3653,RES-0000-3651,3.65K
RES-0000-3654,RES-0000-3652,36.5K
RES-0000-3655,RES-0000-3653,365K
RES-0000-3656,RES-0000-3654,3.65M
RES-0000-3740,RES-0000-3R74,3.74
RES-0000-3741,RES-0000-37R4,37.4
RES-0000-3742,RES-0000-3740,374
RES-0000-3743,RES-0000-3741,3.74K
RES-0000-3744,RES-0000-3742,37.4K
RES-0000-3745,RES-0000-3743,374K
RES-0000-3746,RES-0000-3744,3.74M
RES-0000-3830,RES-0000-3R83,3.83
RES-0000-3831,RES-0000-38R3,38.3
RES-0000-3832,RES-0000-3830,383
RES-0000-3833,RES-0000-3831,3.83K
RES-0000-3834,RES-0000-3832,38.3K
RES-0000-3835,RES-0000-3833,383K
RES-0000-3836,RES-0000-3834,3.83M
RES-0000-3920,RES-0000-3R92,3.92
RES-0000-3921,RES-0000-39R2,39.2
RES-0000-3922,RES-0000-3920,392
RES-0000-3923,RES-0000-3921,3.92K
RES-0000-3924,RES-0000-3922,39.2K
RES-0000-3925,RES-0000-3923,392K
RES-0000-3926,RES-0000-3924,3.92M
RES-0000-4020,RES-0000-4R02,4.02
RES-0000-4021,RES-0000-40R2,40.2
RES-0000-4022,RES-0000-4020,402
RES-0000-4023,RES-0000-4021,4.02K
RES-0000-4024,RES-0000-4022,40.2K
RES-0000-4025,RES-0000-4023,402K
RES-0000-4026,RES-0000-4024,4.02M
RES-0000-4120,RES-0000-4R12,4.12
RES-0000-4121,RES-0000-41R2,41.2
RES-0000-4122,RES-0000-4120,412
RES-0000-4123,RES-0000-4121,4.12K
RES-0000-4124,RES-0000-4122,41.2K
RES-0000-4125,RES-0000-4123,412K
RES-0000-4126,RES-0000-4124,4.12M
RES-0000-4220,RES-0000-4R22,4.22
RES-0000-4221,RES-0000-42R2,42.2
RES-0000-4222,RES-0000-4220,422
RES-0000-4223,RES-0000-4221,4.22K
RES-0000-4224,RES-0000-4222,42.2K
RES-0000-4225,RES-0000-4223,422K
RES-0000-4226,RES-0000-4224,4.22M
RES-0000-4320,RES-0000-4R32,4.32
RES-0000-4321,RES-0000-43R2,43.2
RES-0000-4322,RES-0000-4320,432
RES-0000-4323,RES-0000-4321,4.32K
RES-0000-4324,RES-0000-4322,43.2K
RES-0000-4325,RES-0000-4323,432K
RES-0000-4326,RES-0000-4324,4.32M
RES-0000-4420,RES-0000-4R42,4.42
RES-0000-4421,RES-0000-44R2,44.2
RES-0000-4422,RES-0000-4420,442
RES-0000-4423,RES-0000-4421,4.42K
RES-0000-4424,RES-0000-4422,44.2K
RES-0000-4425,RES-0000-4423,442K
RES-0000-4426,RES-0000-4424,4.42M
RES-0000-4530,RES-0000-4R53,4.53
RES-0000-4531,RES-0000-45R3,45.3
RES-0000-4532,RES-0000-4530,453
RES-0000-4533,RES-0000-4531,4.53K
RES-0000-4534,RES-0000-4532,45.3K
RES-0000-4535,RES-0000-4533,453K
RES-0000-4536,RES-0000-4534,4.53M
RES-0000-4640,RES-0000-4R64,4.64
RES-0000-4641,RES-0000-46R4,46.4
RES-0000-4642,RES-0000-4640,464
RES-0000-4643,RES-0000-4641,4.64K
RES-0000-4644,RES-0000-4642,46.4K
RES-0000-4645,RES-0000-4643,464K
RES-0000-4646,RES-0000-4644,4.64M
RES-0000-4750,RES-0000-4R75,4.75
RES-0000-4751,RES-0000-47R5,47.5
RES-0000-4752,RES-0000-4750,475
RES-0000-4753,RES-0000-4751,4.75K
RES-0000-4754,RES-0000-4752,47.5K
RES-0000-4755,RES-0000-4753,475K
RES-0000-4756,RES-0000-4754,4.75M
RES-0000-4870,RES-0000-4R87,4.87
RES-0000-4871,RES-0000-48R7,48.7
RES-0000-4872,RES-0000-4870,487
RES-0000-4873,RES-0000-4871,4.87K
RES-0000-4874,RES-0000-4872,48.7K
RES-0000-4875,RES-0000-4873,487K
RES-0000-4876,RES-0000-4874,4.87M
RES-0000-4990,RES-0000-4R99,4.99
RES-0000-4991,RES-0000-49R9,49.9
RES-0000-4992,RES-0000-4990,499
RES-0000-4993,RES-0000-4991,4.99K
RES-0000-4994,RES-0000-4992,49.9K
RES-0000-4995,RES-0000-4993,499K
RES-0000-4996,RES-0000-4994,4.99M
RES-0000-5110,RES-0000-5R11,5.11
RES-0000-5111,RES-0000-51R1,51.1
RES-0000-5112,RES-0000-5110,511
RES-0000-5113,RES-0000-5111,5.11K
RES-0000-5114,RES-0000-5112,51.1K
RES-0000-5115,RES-0000-5113,511K
RES-0000-5116,RES-0000-5114,5.11M
RES-0000-5230,RES-0000-5R23,5.23
RES-0000-5231,RES-0000-52R3,52.3
RES-0000-5232,RES-0000-5230,523
RES-0000-5233,RES-0000-5231,5.23K
RES-0000-5234,RES-0000-5232,52.3K
RES-0000-5235,RES-0000-5233,523K
RES-0000-5236,RES-0000-5234,5.23M
RES-0000-5360,RES-0000-5R36,5.36
RES-0000-5361,RES-0000-53R6,53.6
RES-0000-5362,RES-0000-5360,536
RES-0000-5363,RES-0000-5361,5.36K
RES-0000-5364,RES-0000-5362,53.6K
RES-0000-5365,RES-0000-5363,536K
RES-0000-5366,RES-0000-5364,5.36M
RES-0000-5490,RES-0000-5R49,5.49
RES-0000-5491,RES-0000-54R9,54.9
RES-0000-5492,RES-0000-5490,549
RES-0000-5493,RES-0000-5491,5.49K
RES-0000-5494,RES-0000-5492,54.9K
RES-0000-5495,RES-0000-5493,549K
RES-0000-5496,RES-0000-5494,5.49M
RES-0000-5620,RES-0000-5R62,5.62
RES-0000-5621,RES-0000-56R2,56.2
RES-0000-5622,RES-0000-5620,562
RES-0000-5623,RES-0000-5621,5.62K
RES-0000-5624,RES-0000-5622,56.2K
RES-0000-5625,RES-0000-5623,562K
RES-0000-5626,RES-0000-5624,5.62M
RES-0000-5760,RES-0000-5R76,5.76
RES-0000-5761,RES-0000-57R6,57.6
RES-0000-5762,RES-0000-5760,576
RES-0000-5763,RES-0000-5761,5.76K
RES-0000-5764,RES-0000-5762,57.6K
RES-0000-5765,RES-0000-5763,576K
RES-0000-5766,RES-0000-5764,5.76M
RES-0000-5900,RES-0000-5R90,5.9
RES-0000-5901,RES-0000-59R0,59
RES-0000-5902,RES-0000-5900,590
RES-0000-5903,RES-0000-5901,5.9K
RES-0000-5904,RES-0000-5902,59K
RES-0000-5905,RES-0000-5903,590K
RES-0000-5906,RES-0000-5904,5.9M
RES-0000-6040,RES-0000-6R04,6.04
RES-0000-6041,RES-0000-60R4,60.4
RES-0000-6042,RES-0000-6040,604
RES-0000-6043,RES-0000-6041,6.04K
RES-0000-6044,RES-0000-6042,60.4K
RES-0000-6045,RES-0000-6043,604K
RES-0000-6046,RES-0000-6044,6.04M
RES-0000-6190,RES-0000-6R19,6.19
RES-0000-6191,RES-0000-61R9,61.9
RES-0000-6192,RES-0000-6190,619
RES-0000-6193,RES-0000-6191,6.19K
RES-0000-6194,RES-0000-6192,61.9K
RES-0000-6195,RES-0000-6193,619K
RES-0000-6196,RES-0000-6194,6.19M
RES-0000-6340,RES-0000-6R34,6.34
RES-0000-6341,RES-0000-63R4,63.4
RES-0000-6342,RES-0000-6340,634
RES-0000-6343,RES-0000-6341,6.34K
RES-0000-6344,RES-0000-6342,63.4K
RES-0000-6345,RES-0000-6343,634K
RES-0000-6346,RES-0000-6344,6.34M
RES-0000-6490,RES-0000-6R49,6.49
RES-0000-6491,RES-0000-64R9,64.9
RES-0000-6492,RES-0000-6490,649
RES-0000-6493,RES-0000-6491,6.49K
RES-0000-6494,RES-0000-6492,64.9K
RES-0000-6495,RES-0000-6493,649K
RES-0000-6496,RES-0000-6494,6.49M
RES-0000-6650,RES-0000-6R65,6.65
RES-0000-6651,RES-0000-66R5,66.5
RES-0000-6652,RES-0000-6650,665
RES-0000-6653,RES-0000-6651,6.65K
RES-0000-6654,RES-0000-6652,66.5K
RES-0000-6655,RES-0000-6653,665K
RES-0000-6656,RES-0000-6654,6.65M
RES-0000-6810,RES-0000-6R81,6.81
RES-0000-6811,RES-0000-68R1,68.1
RES-0000-6812,RES-0000-6810,681
RES-0000-6813,RES-0000-6811,6.81K
RES-0000-6814,RES-0000-6812,68.1K
RES-0000-6815,RES-0000-6813,681K
RES-0000-6816,RES-0000-6814,6.81M
RES-0000-6980,RES-0000-6R98,6.98
RES-0000-6981,RES-0000-69R8,69.8
RES-0000-6982,RES-0000-6980,698
RES-0000-6983,RES-0000-6981,6.98K
RES-0000-6984,RES-0000-6982,69.8K
RES-0000-6985,RES-0000-6983,698K
RES-0000-6986,RES-0000-6984,6.98M
RES-0000-7150,RES-0000-7R15,7.15
RES-0000-7151,RES-0000-71R5,71.5
RES-0000-7152,RES-0000-7150,715
RES-0000-7153,RES-0000-7151,7.15K
RES-0000-7154,RES-0000-7152,71.5K
RES-0000-7155,RES-0000-7153,715K
RES-0000-7156,RES-0000-7154,7.15M
RES-0000-7320,RES-0000-7R32,7.32
RES-0000-7321,RES-0000-73R2,73.2
RES-0000-7322,RES-0000-7320,732
RES-0000-7323,RES-0000-7321,7.32K
RES-0000-7324,RES-0000-7322,73.2K
RES-0000-7325,RES-0000-7323,732K
RES-0000-7326,RES-0000-7324,7.32M
RES-0000-7500,RES-0000-7R50,7.5
RES-0000-7501,RES-0000-75R0,75
RES-0000-7502,RES-0000-7500,750
RES-0000-7503,RES-0000-7501,7.5K
RES-0000-7504,RES-0000-7502,75K
RES-0000-7505,RES-0000-7503,750K
RES-0000-7506,RES-0000-7504,7.5M
RES-0000-7680,RES-0000-7R68,7.68
RES-0000-7681,RES-0000-76R8,76.8
RES-0000-7682,RES-0000-7680,768
RES-0000-7683,RES-0000-7681,7.68K
RES-0000-7684,RES-0000-7682,76.8K
RES-0000-7685,RES-0000-7683,768K
RES-0000-7686,RES-0000-7684,7.68M
RES-0000-7870,RES-0000-7R87,7.87
RES-0000-7871,RES-0000-78R7,78.7
RES-0000-7872,RES-0000-7870,787
RES-0000-7873,RES-0000-7871,7.87K
RES-0000-7874,RES-0000-7872,78.7K
RES-0000-7875,RES-0000-7873,787K
RES-0000-7876,RES-0000-7874,7.87M
RES-0000-8060,RES-0000-8R06,8.06
RES-0000-8061,RES-0000-80R6,80.6
RES-0000-8062,RES-0000-8060,806
RES-0000-8063,RES-0000-8061,8.06K
RES-0000-8064,RES-0000-8062,80.6K
RES-0000-8065,RES-0000-8063,806K
RES-0000-8066,RES-0000-8064,8.06M
RES-0000-8250,RES-0000-8R25,8.25
RES-0000-8251,RES-0000-82R5,82.5
RES-0000-8252,RES-0000-8250,825
RES-0000-8253,RES-0000-8251,8.25K
RES-0000-8254,RES-0000-8252,82.5K
RES-0000-8255,RES-0000-8253,825K
RES-0000-8256,RES-0000-8254,8.25M
RES-0000-8450,RES-0000-8R45,8.45
RES-0000-8451,RES-0000-84R5,84.5
RES-0000-8452,RES-0000-8450,845
RES-0000-8453,RES-0000-8451,8.45K
RES-0000-8454,RES-0000-8452,84.5K
RES-0000-8455,RES-0000-8453,845K
RES-0000-8456,RES-0000-8454,8.45M
RES-0000-8660,RES-0000-8R66,8.66
RES-0000-8661,RES-0000-86R6,86.6
RES-0000-8662,RES-0000-8660,866
RES-0000-8663,RES-0000-8661,8.66K
RES-0000-8664,RES-0000-8662,86.6K
RES-0000-8665,RES-0000-8663,866K
RES-0000-8666,RES-0000-8664,8.66M
RES-0000-8870,RES-0000-8R87,8.87
RES-0000-8871,RES-0000-88R7,88.7
RES-0000-8872,RES-0000-8870,887
RES-0000-8873,RES-0000-8871,8.87K
RES-0000-8874,RES-0000-8872,88.7K
RES-0000-8875,RES-0000-8873,887K
RES-0000-8876,RES-0000-8874,8.87M
RES-0000-9090,RES-0000-9R09,9.09
RES-0000-9091,RES-0000-90R9,90.9
RES-0000-9092,RES-0000-9090,909
RES-0000-9093,RES-0000-9091,9.09K
RES-0000-9094,RES-0000-9092,90.9K
RES-0000-9095,RES-0000-9093,909K
RES-0000-9096,RES-0000-9094,9.09M
RES-0000-9310,RES-0000-9R31,9.31
RES-0000-9311,RES-0000-93R1,93.1
RES-0000-9312,RES-0000-9310,931
RES-0000-9313,RES-0000-9311,9.31K
RES-0000-9314,RES-0000-9312,93.1K
RES-0000-9315,RES-0000-9313,931K
RES-0000-9316,RES-0000-9314,9.31M
RES-0000-9530,RES-0000-9R53,9.53
RES-0000-9531,RES-0000-95R3,95.3
RES-0000-9532,RES-0000-9530,953
RES-0000-9533,RES-0000-9531,9.53K
RES-0000-9534,RES-0000-9532,95.3K
RES-0000-9535,RES-0000-9533,953K
RES-0000-9536,RES-0000-9534,9.53M
RES-0000-9760,RES-0000-9R76,9.76
RES-0000-9761,RES-0000-97R6,97.6
RES-0000-9762,RES-0000-9760,976
RES-0000-9763,RES-0000-9761,9.76K
RES-0000-9764,RES-0000-9762,97.6K
RES-0000-9765,RES-0000-9763,976K
RES-0000-9766,RES-0000-9764,9.76M
RES-0001-1000,RES-0001-1R00,1
RES-0001-1001,RES-0001-10R0,10
RES-0001-1002,RES-0001-1000,100
RES-0001-1003,RES-0001-1001,1K
RES-0001-1004,RES-0001-1002,10K
RES-0001-1005,RES-0001-1003,100K
RES-0001-1006,RES-0001-1004,1M
RES-0001-1020,RES-0001-1R02,1.02
RES-0001-1021,RES-0001-10R2,10.2
RES-0001-1022,RES-0001-1020,102
RES-0001-1023,RES-0001-1021,1.02K
RES-0001-1024,RES-0001-1022,10.2K
RES-0001-1025,RES-0001-1023,102K
RES-0001-1026,RES-0001-1024,1.02M
RES-0001-1050,RES-0001-1R05,1.05
RES-0001-1051,RES-0001-10R5,10.5
RES-0001-1052,RES-0001-1050,105
RES-0001-1053,RES-0001-1051,1.05K
RES-0001-1054,RES-0001-1052,10.5K
RES-0001-1055,RES-0001-1053,105K
RES-0001-1056,RES-0001-1054,1.05M
RES-0001-1070,RES-0001-1R07,1.07
RES-0001-1071,RES-0001-10R7,10.7
RES-0001-1072,RES-0001-1070,107
RES-0001-1073,RES-0001-1071,1.07K
RES-0001-1074,RES-0001-1072,10.7K
RES-0001-1075,RES-0001-1073,107K
RES-0001-1076,RES-0001-1074,1.07M
RES-0001-1100,RES-0001-1R10,1.1
RES-0001-1101,RES-0001-11R0,11
RES-0001-1102,RES-0001-1100,110
RES-0001-1103,RES-0001-1101,1.1K
RES-0001-1104,RES-0001-1102,11K
RES-0001-1105,RES-0001-1103,110K
RES-0001-1106,RES-0001-1104,1.1M
RES-0001-1130,RES-0001-1R13,1.13
RES-0001-1131,RES-0001-11R3,11.3
RES-0001-1132,RES-0001-1130,113
RES-0001-1133,RES-0001-1131,1.13K
RES-0001-1134,RES-0001-1132,11.3K
RES-0001-1135,RES-0001-1133,113K
RES-0001-1136,RES-0001-1134,1.13M
RES-0001-1150,RES-0001-1R15,1.15
RES-0001-1151,RES-0001-11R5,11.5
RES-0001-1152,RES-0001-1150,115
RES-0001-1153,RES-0001-1151,1.15K
RES-0001-1154,RES-0001-1152,11.5K
RES-0001-1155,RES-0001-1153,115K
RES-0001-1156,RES-0001-1154,1.15M
RES-0001-1180,RES-0001-1R18,1.18
RES-0001-1181,RES-0001-11R8,11.8
RES-0001-1182,RES-0001-1180,118
RES-0001-1183,RES-0001-1181,1.18K
RES-0001-1184,RES-0001-1182,11.8K
RES-0001-1185,RES-0001-1183,118K
RES-0001-1186,RES-0001-1184,1.18M
RES-0001-1210,RES-0001-1R21,1.21
RES-0001-1211,RES-0001-12R1,12.1
RES-0001-1212,RES-0001-1210,121
RES-0001-1213,RES-0001-1211,1.21K
RES-0001-1214,RES-0001-1212,12.1K
RES-0001-1215,RES-0001-1213,121K
RES-0001-1216,RES-0001-1214,1.21M
RES-0001-1240,RES-0001-1R24,1.24
RES-0001-1241,RES-0001-12R4,12.4
RES-0001-1242,RES-0001-1240,124
RES-0001-1243,RES-0001-1241,1.24K
RES-0001-1244,RES-0001-1242,12.4K
RES-0001-1245,RES-0001-1243,124K
RES-0001-1246,RES-0001-1244,1.24M
RES-0001-1270,RES-0001-1R27,1.27
RES-0001-1271,RES-0001-12R7,12.7
RES-0001-1272,RES-0001-1270,127
RES-0001-1273,RES-0001-1271,1.27K
RES-0001-1274,RES-0001-1272,12.7K
RES-0001-1275,RES-0001-1273,127K
RES-0001-1276,RES-0001-1274,1.27M
RES-0001-1300,RES-0001-1R30,1.3
RES-0001-1301,RES-0001-13R0,13
RES-0001-1302,RES-0001-1300,130
RES-0001-1303,RES-0001-1301,1.3K
RES-0001-1304,RES-0001-1302,13K
RES-0001-1305,RES-0001-1303,130K
RES-0001-1306,RES-0001-1304,1.3M
RES-0001-1330,RES-0001-1R33,1.33
RES-0001-1331,RES-0001-13R3,13.3
RES-0001-1332,RES-0001-1330,133
RES-0001-1333,RES-0001-1331,1.33K
RES-0001-1334,RES-0001-1332,13.3K
RES-0001-1335,RES-0001-1333,133K
RES-0001-1336,RES-0001-1334,1.33M
RES-0001-1370,RES-0001-1R37,1.37
RES-0001-1371,RES-0001-13R7,13.7
RES-0001-1372,RES-0001-1370,137
RES-0001-1373,RES-0001-1371,1.37K
RES-0001-1374,RES-0001-1372,13.7K
RES-0001-1375,RES-0001-1373,137K
RES-0001-1376,RES-0001-1374,1.37M
RES-0001-1400,RES-0001-1R40,1.4
RES-0001-1401,RES-0001-14R0,14
RES-0001-1402,RES-0001-1400,140
RES-0001-1403,RES-0001-1401,1.4K
RES-0001-1404,RES-0001-1402,14K
RES-0001-1405,RES-0001-1403,140K
RES-0001-1406,RES-0001-1404,1.4M
RES-0001-1430,RES-0001-1R43,1.43
RES-0001-1431,RES-0001-14R3,14.3
RES-0001-1432,RES-0001-1430,143
RES-0001-1433,RES-0001-1431,1.43K
RES-0001-1434,RES-0001-1432,14.3K
RES-0001-1435,RES-0001-1433,143K
RES-0001-1436,RES-0001-1434,1.43M
RES-0001-1470,RES-0001-1R47,1.47
RES-0001-1471,RES-0001-14R7,14.7
RES-0001-1472,RES-0001-1470,147
RES-0001-1473,RES-0001-1471,1.47K
RES-0001-1474,RES-0001-1472,14.7K
RES-0001-1475,RES-0001-1473,147K
RES-0001-1476,RES-0001-1474,1.47M
RES-0001-1500,RES-0001-1R50,1.5
RES-0001-1501,RES-0001-15R0,15
RES-0001-1502,RES-0001-1500,150
RES-0001-1503,RES-0001-1501,1.5K
RES-0001-1504,RES-0001-1502,15K
RES-0001-1505,RES-0001-1503,150K
RES-0001-1506,RES-0001-1504,1.5M
RES-0001-1540,RES-0001-1R54,1.54
RES-0001-1541,RES-0001-15R4,15.4
RES-0001-1542,RES-0001-1540,154
RES-0001-1543,RES-0001-1541,1.54K
RES-0001-1544,RES-0001-1542,15.4K
RES-0001-1545,RES-0001-1543,154K
RES-0001-1546,RES-0001-1544,1.54M
RES-0001-1580,RES-0001-1R58,1.58
RES-0001-1581,RES-0001-15R8,15.8
RES-0001-1582,RES-0001-1580,158
RES-0001-1583,RES-0001-1581,1.58K
RES-0001-1584,RES-0001-1582,15.8K
RES-0001-1585,RES-0001-1583,158K
RES-0001-1586,RES-0001-1584,1.58M
RES-0001-1620,RES-0001-1R62,1.62
RES-0001-1621,RES-0001-16R2,16.2
RES-0001-1622,RES-0001-1620,162
RES-0001-1623,RES-0001-1621,1.62K
RES-0001-1624,RES-0001-1622,16.2K
RES-0001-1625,RES-0001-1623,162K
RES-0001-1626,RES-0001-1624,1.62M
RES-0001-1650,RES-0001-1R65,1.65
RES-0001-1651,RES-0001-16R5,16.5
RES-0001-1652,RES-0001-1650,165
RES-0001-1653,RES-0001-1651,1.65K
RES-0001-1654,RES-0001-1652,16.5K
RES-0001-1655,RES-0001-1653,165K
RES-0001-1656,RES-0001-1654,1.65M
RES-0001-1690,RES-0001-1R69,1.69
RES-0001-1691,RES-0001-16R9,16.9
RES-0001-1692,RES-0001-1690,169
RES-0001-1693,RES-0001-1691,1.69K
RES-0001-1694,RES-0001-1692,16.9K
RES-0001-1695,RES-0001-1693,169K
RES-0001-1696,RES-0001-1694,1.69M
RES-0001-1740,RES-0001-1R74,1.74
RES-0001-1741,RES-0001-17R4,17.4
RES-0001-1742,RES-0001-1740,174
RES-0001-1743,RES-0001-1741,1.74K
RES-0001-1744,RES-0001-1742,17.4K
RES-0001-1745,RES-0001-1743,174K
RES-0001-1746,RES-0001-1744,1.74M
RES-0001-1780,RES-0001-1R78,1.78
RES-0001-1781,RES-0001-17R8,17.8
RES-0001-1782,RES-0001-1780,178
RES-0001-1783,RES-0001-1781,1.78K
RES-0001-1784,RES-0001-1782,17.8K
RES-0001-1785,RES-0001-1783,178K
RES-0001-1786,RES-0001-1784,1.78M
RES-0001-1820,RES-0001-1R82,1.82
RES-0001-1821,RES-0001-18R2,18.2
RES-0001-1822,RES-0001-1820,182
RES-0001-1823,RES-0001-1821,1.82K
RES-0001-1824,RES-0001-1822,18.2K
RES-0001-1825,RES-0001-1823,182K
RES-0001-1826,RES-0001-1824,1.82M
RES-0001-1870,RES-0001-1R87,1.87
RES-0001-1871,RES-0001-18R7,18.7
RES-0001-1872,RES-0001-1870,187
RES-0001-1873,RES-0001-1871,1.87K
RES-0001-1874,RES-0001-1872,18.7K
RES-0001-1875,RES-0001-1873,187K
RES-0001-1876,RES-0001-1874,1.87M
RES-0001-1910,RES-0001-1R91,1.91
RES-0001-1911,RES-0001-19R1,19.1
RES-0001-1912,RES-0001-1910,191
RES-0001-1913,RES-0001-1911,1.91K
RES-0001-1914,RES-0001-1912,19.1K
RES-0001-1915,RES-0001-1913,191K
RES-0001-1916,RES-0001-1914,1.91M
RES-0001-1960,RES-0001-1R96,1.96
RES-0001-1961,RES-0001-19R6,19.6
RES-0001-1962,RES-0001-1960,196
RES-0001-1963,RES-0001-1961,1.96K
RES-0001-1964,RES-0001-1962,19.6K
RES-0001-1965,RES-0001-1963,196K
RES-0001-1966,RES-0001-1964,1.96M
RES-0001-2000,RES-0001-2R00,2
RES-0001-2001,RES-0001-20R0,20
RES-0001-2002,RES-0001-2000,200
RES-0001-2003,RES-0001-2001,2K
RES-0001-2004,RES-0001-2002,20K
RES-0001-2005,RES-0001-2003,200K
RES-0001-2006,RES-0001-2004,2M
RES-0001-2050,RES-0001-2R05,2.05
RES-0001-2051,RES-0001-20R5,20.5
RES-0001-2052,RES-0001-2050,205
RES-0001-2053,RES-0001-2051,2.05K
RES-0001-2054,RES-0001-2052,20.5K
RES-0001-2055,RES-0001-2053,205K
RES-0001-2056,RES-0001-2054,2.05M
RES-0001-2100,RES-0001-2R10,2.1
RES-0001-2101,RES-0001-21R0,21
RES-0001-2102,RES-0001-2100,210
RES-0001-2103,RES-0001-2101,2.1K
RES-0001-2104,RES-0001-2102,21K
RES-0001-2105,RES-0001-2103,210K
RES-0001-2106,RES-0001-2104,2.1M
RES-0001-2150,RES-0001-2R15,2.15
RES-0001-2151,RES-0001-21R5,21.5
RES-0001-2152,RES-0001-2150,215
RES-0001-2153,RES-0001-2151,2.15K
RES-0001-2154,RES-0001-2152,21.5K
RES-0001-2155,RES-0001-2153,215K
RES-0001-2156,RES-0001-2154,2.15M
RES-0001-2210,RES-0001-2R21,2.21
RES-0001-2211,RES-0001-22R1,22.1
RES-0001-2212,RES-0001-2210,221
RES-0001-2213,RES-0001-2211,2.21K
RES-0001-2214,RES-0001-2212,22.1K
RES-0001-2215,RES-0001-2213,221K
RES-0001-2216,RES-0001-2214,2.21M
RES-0001-2260,RES-0001-2R26,2.26
RES-0001-2261,RES-0001-22R6,22.6
RES-0001-2262,RES-0001-2260,226
RES-0001-2263,RES-0001-2261,2.26K
RES-0001-2264,RES-0001-2262,22.6K
RES-0001-2265,RES-0001-2263,226K
RES-0001-2266,RES-0001-2264,2.26M
RES-0001-2320,RES-0001-2R32,2.32
RES-0001-2321,RES-0001-23R2,23.2
RES-0001-2322,RES-0001-2320,232
RES-0001-2323,RES-0001-2321,2.32K
RES-0001-2324,RES-0001-2322,23.2K
RES-0001-2325,RES-0001-2323,232K
RES-0001-2326,RES-0001-2324,2.32M
RES-0001-2370,RES-0001-2R37,2.37
RES-0001-2371,RES-0001-23R7,23.7
RES-0001-2372,RES-0001-2370,237
RES-0001-2373,RES-0001-2371,2.37K
RES-0001-2374,RES-0001-2372,23.7K
RES-0001-2375,RES-0001-2373,237K
RES-0001-2376,RES-0001-2374,2.37M
RES-0001-2430,RES-0001-2R43,2.43
RES-0001-2431,RES-0001-24R3,24.3
RES-0001-2432,RES-0001-2430,243
RES-0001-2433,RES-0001-2431,2.43K
RES-0001-2434,RES-0001-2432,24.3K
RES-0001-2435,RES-0001-2433,243K
RES-0001-2436,RES-0001-2434,2.43M
RES-0001-2490,RES-0001-2R49,2.49
RES-0001-2491,RES-0001-24R9,24.9
RES-0001-2492,RES-0001-2490,249
RES-0001-2493,RES-0001-2491,2.49K
RES-0001-2494,RES-0001-2492,24.9K
RES-0001-2495,RES-0001-2493,249K
RES-0001-2496,RES-0001-2494,2.49M
RES-0001-2550,RES-0001-2R55,2.55
RES-0001-2551,RES-0001-25R5,25.5
RES-0001-2552,RES-0001-2550,255
RES-0001-2553,RES-0001-2551,2.55K
RES-0001-2554,RES-0001-2552,25.5K
RES-0001-2555,RES-0001-2553,255K
RES-0001-2556,RES-0001-2554,2.55M
RES-0001-2610,RES-0001-2R61,2.61
RES-0001-2611,RES-0001-26R1,26.1
RES-0001-2612,RES-0001-2610,261
RES-0001-2613,RES-0001-2611,2.61K
RES-0001-2614,RES-0001-2612,26.1K
RES-0001-2615,RES-0001-2613,261K
RES-0001-2616,RES-0001-2614,2.61M
RES-0001-2670,RES-0001-2R67,2.67
RES-0001-2671,RES-0001-26R7,26.7
RES-0001-2672,RES-0001-2670,267
RES-0001-2673,RES-0001-2671,2.67K
RES-0001-2674,RES-0001-2672,26.7K
RES-0001-2675,RES-0001-2673,267K
RES-0001-2676,RES-0001-2674,2.67M
RES-0001-2740,RES-0001-2R74,2.74
RES-0001-2741,RES-0001-27R4,27.4
RES-0001-2742,RES-0001-2740,274
RES-0001-2743,RES-0001-2741,2.74K
RES-0001-2744,RES-0001-2742,27.4K
RES-0001-2745,RES-0001-2743,274K
RES-0001-2746,RES-0001-2744,2.74M
RES-0001-2800,RES-0001-2R80,2.8
RES-0001-2801,RES-0001-28R0,28
RES-0001-2802,RES-0001-2800,280
RES-0001-2803,RES-0001-2801,2.8K
RES-0001-2804,RES-0001-2802,28K
RES-0001-2805,RES-0001-2803,280K
RES-0001-2806,RES-0001-2804,2.8M
RES-0001-2870,RES-0001-2R87,2.87
RES-0001-2871,RES-0001-28R7,28.7
RES-0001-2872,RES-0001-2870,287
RES-0001-2873,RES-0001-2871,2.87K
RES-0001-2874,RES-0001-2872,28.7K
RES-0001-2875,RES-0001-2873,287K
RES-0001-2876,RES-0001-2874,2.87M
RES-0001-2940,RES-0001-2R94,2.94
RES-0001-2941,RES-0001-29R4,29.4
RES-0001-2942,RES-0001-2940,294
RES-0001-2943,RES-0001-2941,2.94K
RES-0001-2944,RES-0001-2942,29.4K
RES-0001-2945,RES-0001-2943,294K
RES-0001-2946,RES-0001-2944,2.94M
RES-0001-3010,RES-0001-3R01,3.01
RES-0001-3011,RES-0001-30R1,30.1
RES-0001-3012,RES-0001-3010,301
RES-0001-3013,RES-0001-3011,3.01K
RES-0001-3014,RES-0001-3012,30.1K
RES-0001-3015,RES-0001-3013,301K
RES-0001-3016,RES-0001-3014,3.01M
RES-0001-3090,RES-0001-3R09,3.09
RES-0001-3091,RES-0001-30R9,30.9
RES-0001-3092,RES-0001-3090,309
RES-0001-3093,RES-0001-3091,3.09K
RES-0001-3094,RES-0001-3092,30.9K
RES-0001-3095,RES-0001-3093,309K
RES-0001-3096,RES-0001-3094,3.09M
RES-0001-3160,RES-0001-3R16,3.16
RES-0001-3161,RES-0001-31R6,31.6
RES-0001-3162,RES-0001-3160,316
RES-0001-3163,RES-0001-3161,3.16K
RES-0001-3164,RES-0001-3162,31.6K
RES-0001-3165,RES-0001-3163,316K
RES-0001-3166,RES-0001-3164,3.16M
RES-0001-3240,RES-0001-3R24,3.24
RES-0001-3241,RES-0001-32R4,32.4
RES-0001-3242,RES-0001-3240,324
RES-0001-3243,RES-0001-3241,3.24K
RES-0001-3244,RES-0001-3242,32.4K
RES-0001-3245,RES-0001-3243,324K
RES-0001-3246,RES-0001-3244,3.24M
RES-0001-3320,RES-0001-3R32,3.32
RES-0001-3321,RES-0001-33R2,33.2
RES-0001-3322,RES-0001-3320,332
RES-0001-3323,RES-0001-3321,3.32K
RES-0001-3324,RES-0001-3322,33.2K
RES-0001-3325,RES-0001-3323,332K
RES-0001-3326,RES-0001-3324,3.32M
RES-0001-3400,RES-0001-3R40,3.4
RES-0001-3401,RES-0001-34R0,34
RES-0001-3402,RES-0001-3400,340
RES-0001-3403,RES-0001-3401,3.4K
RES-0001-3404,RES-0001-3402,34K
RES-0001-3405,RES-0001-3403,340K
RES-0001-3406,RES-0001-3404,3.4M
RES-0001-3480,RES-0001-3R48,3.48
RES-0001-3481,RES-0001-34R8,34.8
RES-0001-3482,RES-0001-3480,348
RES-0001-3483,RES-0001-3481,3.48K
RES-0001-3484,RES-0001-3482,34.8K
RES-0001-3485,RES-0001-3483,348K
RES-0001-3486,RES-0001-3484,3.48M
RES-0001-3570,RES-0001-3R57,3.57
RES-0001-3571,RES-0001-35R7,35.7
RES-0001-3572,RES-0001-3570,357
RES-0001-3573,RES-0001-3571,3.57K
RES-0001-3574,RES-0001-3572,35.7K
RES-0001-3575,RES-0001-3573,357K
RES-0001-3576,RES-0001-3574,3.57M
RES-0001-3650,RES-0001-3R65,3.65
RES-0001-3651,RES-0001-36R5,36.5
RES-0001-3652,RES-0001-3650,365
RES-0001-3653,RES-0001-3651,3.65K
RES-0001-3654,RES-0001-3652,36.5K
RES-0001-3655,RES-0001-3653,365K
RES-0001-3656,RES-0001-3654,3.65M
RES-0001-3740,RES-0001-3R74,3.74
RES-0001-3741,RES-0001-37R4,37.4
RES-0001-3742,RES-0001-3740,374
RES-0001-3743,RES-0001-3741,3.74K
RES-0001-3744,RES-0001-3742,37.4K
RES-0001-3745,RES-0001-3743,374K
RES-0001-3746,RES-0001-3744,3.74M
RES-0001-3830,RES-0001-3R83,3.83
RES-0001-3831,RES-0001-38R3,38.3
RES-0001-3832,RES-0001-3830,383
RES-0001-3833,RES-0001-3831,3.83K
RES-0001-3834,RES-0001-3832,38.3K
RES-0001-3835,RES-0001-3833,383K
RES-0001-3836,RES-0001-3834,3.83M
RES-0001-3920,RES-0001-3R92,3.92
RES-0001-3921,RES-0001-39R2,39.2
RES-0001-3922,RES-0001-3920,392
RES-0001-3923,RES-0001-3921,3.92K
RES-0001-3924,RES-0001-3922,39.2K
RES-0001-3925,RES-0001-3923,392K
RES-0001-3926,RES-0001-3924,3.92M
RES-0001-4020,RES-0001-4R02,4.02
RES-0001-4021,RES-0001-40R2,40.2
RES-0001-4022,RES-0001-4020,402
RES-0001-4023,RES-0001-4021,4.02K
RES-0001-4024,RES-0001-4022,40.2K
RES-0001-4025,RES-0001-4023,402K
RES-0001-4026,RES-0001-4024,4.02M
RES-0001-4120,RES-0001-4R12,4.12
RES-0001-4121,RES-0001-41R2,41.2
RES-0001-4122,RES-0001-4120,412
RES-0001-4123,RES-0001-4121,4.12K
RES-0001-4124,RES-0001-4122,41.2K
RES-0001-4125,RES-0001-4123,412K
RES-0001-4126,RES-0001-4124,4.12M
RES-0001-4220,RES-0001-4R22,4.22
RES-0001-4221,RES-0001-42R2,42.2
RES-0001-4222,RES-0001-4220,422
RES-0001-4223,RES-0001-4221,4.22K
RES-0001-4224,RES-0001-4222,42.2K
RES-0001-4225,RES-0001-4223,422K
RES-0001-4226,RES-0001-4224,4.22M
RES-0001-4320,RES-0001-4R32,4.32
RES-0001-4321,RES-0001-43R2,43.2
RES-0001-4322,RES-0001-4320,432
RES-0001-4323,RES-0001-4321,4.32K
RES-0001-4324,RES-0001-4322,43.2K
RES-0001-4325,RES-0001-4323,432K
RES-0001-4326,RES-0001-4324,4.32M
RES-0001-4420,RES-0001-4R42,4.42
RES-0001-4421,RES-0001-44R2,44.2
RES-0001-4422,RES-0001-4420,442
RES-0001-4423,RES-0001-4421,4.42K
RES-0001-4424,RES-0001-4422,44.2K
RES-0001-4425,RES-0001-4423,442K
RES-0001-4426,RES-0001-4424,4.42M
RES-0001-4530,RES-0001-4R53,4.53
RES-0001-4531,RES-0001-45R3,45.3
RES-0001-4532,RES-0001-4530,453
RES-0001-4533,RES-0001-4531,4.53K
RES-0001-4534,RES-0001-4532,45.3K
RES-0001-4535,RES-0001-4533,453K
RES-0001-4536,RES-0001-4534,4.53M
RES-0001-4640,RES-0001-4R64,4.64
RES-0001-4641,RES-0001-46R4,46.4
RES-0001-4642,RES-0001-4640,464
RES-0001-4643,RES-0001-4641,4.64K
RES-0001-4644,RES-0001-4642,46.4K
RES-0001-4645,RES-0001-4643,464K
RES-0001-4646,RES-0001-4644,4.64M
RES-0001-4750,RES-0001-4R75,4.75
RES-0001-4751,RES-0001-47R5,47.5
RES-0001-4752,RES-0001-4750,475
RES-0001-4753,RES-0001-4751,4.75K
RES-0001-4754,RES-0001-4752,47.5K
RES-0001-4755,RES-0001-4753,475K
RES-0001-4756,RES-0001-4754,4.75M
RES-0001-4870,RES-0001-4R87,4.87
RES-0001-4871,RES-0001-48R7,48.7
RES-0001-4872,RES-0001-4870,487
RES-0001-4873,RES-0001-4871,4.87K
RES-0001-4874,RES-0001-4872,48.7K
RES-0001-4875,RES-0001-4873,487K
RES-0001-4876,RES-0001-4874,4.87M
RES-0001-4990,RES-0001-4R99,4.99
RES-0001-4991,RES-0001-49R9,49.9
RES-0001-4992,RES-0001-4990,499
RES-0001-4993,RES-0001-4991,4.99K
RES-0001-4994,RES-0001-4992,49.9K
RES-0001-4995,RES-0001-4993,499K
RES-0001-4996,RES-0001-4994,4.99M
RES-0001-5110,RES-0001-5R11,5.11
RES-0001-5111,RES-0001-51R1,51.1
RES-0001-5112,RES-0001-5110,511
RES-0001-5113,RES-0001-5111,5.11K
RES-0001-5114,RES-0001-5112,51.1K
RES-0001-5115,RES-0001-5113,511K
RES-0001-5116,RES-0001-5114,5.11M
RES-0001-5230,RES-0001-5R23,5.23
RES-0001-5231,RES-0001-52R3,52.3
RES-0001-5232,RES-0001-5230,523
RES-0001-5233,RES-0001-5231,5.23K
RES-0001-5234,RES-0001-5232,52.3K
RES-0001-5235,RES-0001-5233,523K
RES-0001-5236,RES-0001-5234,5.23M
RES-0001-5360,RES-0001-5R36,5.36
RES-0001-5361,RES-0001-53R6,53.6
RES-0001-5362,RES-0001-5360,536
RES-0001-5363,RES-0001-5361,5.36K
RES-0001-5364,RES-0001-5362,53.6K
RES-0001-5365,RES-0001-5363,536K
RES-0001-5366,RES-0001-5364,5.36M
RES-0001-5490,RES-0001-5R49,5.49
RES-0001-5491,RES-0001-54R9,54.9
RES-0001-5492,RES-0001-5490,549
RES-0001-5493,RES-0001-5491,5.49K
RES-0001-5494,RES-0001-5492,54.9K
RES-0001-5495,RES-0001-5493,549K
RES-0001-5496,RES-0001-5494,5.49M
RES-0001-5620,RES-0001-5R62,5.62
RES-0001-5621,RES-0001-56R2,56.2
RES-0001-5622,RES-0001-5620,562
RES-0001-5623,RES-0001-5621,5.62K
RES-0001-5624,RES-0001-5622,56.2K
RES-0001-5625,RES-0001-5623,562K
RES-0001-5626,RES-0001-5624,5.62M
RES-0001-5760,RES-0001-5R76,5.76
RES-0001-5761,RES-0001-57R6,57.6
RES-0001-5762,RES-0001-5760,576
RES-0001-5763,RES-0001-5761,5.76K
RES-0001-5764,RES-0001-5762,57.6K
RES-0001-5765,RES-0001-5763,576K
RES-0001-5766,RES-0001-5764,5.76M
RES-0001-5900,RES-0001-5R90,5.9
RES-0001-5901,RES-0001-59R0,59
RES-0001-5902,RES-0001-5900,590
RES-0001-5903,RES-0001-5901,5.9K
RES-0001-5904,RES-0001-5902,59K
RES-0001-5905,RES-0001-5903,590K
RES-0001-5906,RES-0001-5904,5.9M
RES-0001-6040,RES-0001-6R04,6.04
RES-0001-6041,RES-0001-60R4,60.4
RES-0001-6042,RES-0001-6040,604
RES-0001-6043,RES-0001-6041,6.04K
RES-0001-6044,RES-0001-6042,60.4K
RES-0001-6045,RES-0001-6043,604K
RES-0001-6046,RES-0001-6044,6.04M
RES-0001-6190,RES-0001-6R19,6.19
RES-0001-6191,RES-0001-61R9,61.9
RES-0001-6192,RES-0001-6190,619
RES-0001-6193,RES-0001-6191,6.19K
RES-0001-6194,RES-0001-6192,61.9K
RES-0001-6195,RES-0001-6193,619K
RES-0001-6196,RES-0001-6194,6.19M
RES-0001-6340,RES-0001-6R34,6.34
RES-0001-6341,RES-0001-63R4,63.4
RES-0001-6342,RES-0001-6340,634
RES-0001-6343,RES-0001-6341,6.34K
RES-0001-6344,RES-0001-6342,63.4K
RES-0001-6345,RES-0001-6343,634K
RES-0001-6346,RES-0001-6344,6.34M
RES-0001-6490,RES-0001-6R49,6.49
RES-0001-6491,RES-0001-64R9,64.9
RES-0001-6492,RES-0001-6490,649
RES-0001-6493,RES-0001-6491,6.49K
RES-0001-6494,RES-0001-6492,64.9K
RES-0001-6495,RES-0001-6493,649K
RES-0001-6496,RES-0001-6494,6.49M
RES-0001-6650,RES-0001-6R65,6.65
RES-0001-6651,RES-0001-66R5,66.5
RES-0001-6652,RES-0001-6650,665
RES-0001-6653,RES-0001-6651,6.65K
RES-0001-6654,RES-0001-6652,66.5K
RES-0001-6655,RES-0001-6653,665K
RES-0001-6656,RES-0001-6654,6.65M
RES-0001-6810,RES-0001-6R81,6.81
RES-0001-6811,RES-0001-68R1,68.1
RES-0001-6812,RES-0001-6810,681
RES-0001-6813,RES-0001-6811,6.81K
RES-0001-6814,RES-0001-6812,68.1K
RES-0001-6815,RES-0001-6813,681K
RES-0001-6816,RES-0001-6814,6.81M
RES-0001-6980,RES-0001-6R98,6.98
RES-0001-6981,RES-0001-69R8,69.8
RES-0001-6982,RES-0001-6980,698
RES-0001-6983,RES-0001-6981,6.98K
RES-0001-6984,RES-0001-6982,69.8K
RES-0001-6985,RES-0001-6983,698K
RES-0001-6986,RES-0001-6984,6.98M
RES-0001-7150,RES-0001-7R15,7.15
RES-0001-7151,RES-0001-71R5,71.5
RES-0001-7152,RES-0001-7150,715
RES-0001-7153,RES-0001-7151,7.15K
RES-0001-7154,RES-0001-7152,71.5K
RES-0001-7155,RES-0001-7153,715K
RES-0001-7156,RES-0001-7154,7.15M
RES-0001-7320,RES-0001-7R32,7.32
RES-0001-7321,RES-0001-73R2,73.2
RES-0001-7322,RES-0001-7320,732
RES-0001-7323,RES-0001-7321,7.32K
RES-0001-7324,RES-0001-7322,73.2K
RES-0001-7325,RES-0001-7323,732K
RES-0001-7326,RES-0001-7324,7.32M
RES-0001-7500,RES-0001-7R50,7.5
RES-0001-7501,RES-0001-75R0,75
RES-0001-7502,RES-0001-7500,750
RES-0001-7503,RES-0001-7501,7.5K
RES-0001-7504,RES-0001-7502,75K
RES-0001-7505,RES-0001-7503,750K
RES-0001-7506,RES-0001-7504,7.5M
RES-0001-7680,RES-0001-7R68,7.68
RES-0001-7681,RES-0001-76R8,76.8
RES-0001-7682,RES-0001-7680,768
RES-0001-7683,RES-0001-7681,7.68K
RES-0001-7684,RES-0001-7682,76.8K
RES-0001-7685,RES-0001-7683,768K
RES-0001-7686,RES-0001-7684,7.68M
RES-0001-7870,RES-0001-7R87,7.87
RES-0001-7871,RES-0001-78R7,78.7
RES-0001-7872,RES-0001-7870,787
RES-0001-7873,RES-0001-7871,7.87K
RES-0001-7874,RES-0001-7872,78.7K
RES-0001-7875,RES-0001-7873,787K
RES-0001-7876,RES-0001-7874,7.87M
RES-0001-8060,RES-0001-8R06,8.06
RES-0001-8061,RES-0001-80R6,80.6
RES-0001-8062,RES-0001-8060,806
RES-0001-8063,RES-0001-8061,8.06K
RES-0001-8064,RES-0001-8062,80.6K
RES-0001-8065,RES-0001-8063,806K
RES-0001-8066,RES-0001-8064,8.06M
RES-0001-8250,RES-0001-8R25,8.25
RES-0001-8251,RES-0001-82R5,82.5
RES-0001-8252,RES-0001-8250,825
RES-0001-8253,RES-0001-8251,8.25K
RES-0001-8254,RES-0001-8252,82.5K
RES-0001-8255,RES-0001-8253,825K
RES-0001-8256,RES-0001-8254,8.25M
RES-0001-8450,RES-0001-8R45,8.45
RES-0001-8451,RES-0001-84R5,84.5
RES-0001-8452,RES-0001-8450,845
RES-0001-8453,RES-0001-8451,8.45K
RES-0001-8454,RES-0001-8452,84.5K
RES-0001-8455,RES-0001-8453,845K
RES-0001-8456,RES-0001-8454,8.45M
RES-0001-8660,RES-0001-8R66,8.66
RES-0001-8661,RES-0001-86R6,86.6
RES-0001-8662,RES-0001-8660,866
RES-0001-8663,RES-0001-8661,8.66K
RES-0001-8664,RES-0001-8662,86.6K
RES-0001-8665,RES-0001-8663,866K
RES-0001-8666,RES-0001-8664,8.66M
RES-0001-8870,RES-0001-8R87,8.87
RES-0001-8871,RES-0001-88R7,88.7
RES-0001-8872,RES-0001-8870,887
RES-0001-8873,RES-0001-8871,8.87K
RES-0001-8874,RES-0001-8872,88.7K
RES-0001-8875,RES-0001-8873,887K
RES-0001-8876,RES-0001-8874,8.87M
RES-0001-9090,RES-0001-9R09,9.09
RES-0001-9091,RES-0001-90R9,90.9
RES-0001-9092,RES-0001-9090,909
RES-0001-9093,RES-0001-9091,9.09K
RES-0001-9094,RES-0001-9092,90.9K
RES-0001-9095,RES-0001-9093,909K
RES-0001-9096,RES-0001-9094,9.09M
RES-0001-9310,RES-0001-9R31,9.31
RES-0001-9311,RES-0001-93R1,93.1
RES-0001-9312,RES-0001-9310,931
RES-0001-9313,RES-0001-9311,9.31K
RES-0001-9314,RES-0001-9312,93.1K
RES-0001-9315,RES-0001-9313,931K
RES-0001-9316,RES-0001-9314,9.31M
RES-0001-9530,RES-0001-9R53,9.53
RES-0001-9531,RES-0001-95R3,95.3
RES-0001-9532,RES-0001-9530,953
RES-0001-9533,RES-0001-9531,9.53K
RES-0001-9534,RES-0001-9532,95.3K
RES-0001-9535,RES-0001-9533,953K
RES-0001-9536,RES-0001-9534,9.53M
RES-0001-9760,RES-0001-9R76,9.76
RES-0001-9761,RES-0001-97R6,97.6
RES-0001-9762,RES-0001-9760,976
RES-0001-9763,RES-0001-9761,9.76K
RES-0001-9764,RES-0001-9762,97.6K
RES-0001-9765,RES-0001-9763,976K
RES-0001-9766,RES-0001-9764,9.76M
RES-0012-2200,RES-0012-0220,22
